{"cameraMode":{"drawMode":0,"name":"Shaded","section":"Shading Mode"},"sceneLighting":false,"audioPlay":false,"sceneViewState":{"showFog":true,"showMaterialUpdate":false,"showSkybox":true,"showFlares":true,"showImageEffects":true,"showParticleSystems":true},"in2DMode":false,"pivot":{"x":-1.4516196250915528,"y":0.14952433109283448,"z":-0.18017494678497315},"rotation":{"x":0.10242672264575958,"y":-0.786912739276886,"z":0.1358892172574997,"w":0.5931368470191956},"size":5.635441780090332,"orthographic":false}